from,to,r,x,b,tap
158,160,0.0555,0.183,0.0466,0.0
1030,1031,0.02828,0.2074,0.0445,1.0
949,955,0.0203,0.0682,0.01738,0.0
554,568,0.0162,0.053,0.0544,0.0
129,131,0.02225,0.0731,0.01876,0.0
637,639,0.0191,0.0625,0.01604,0.0
534,539,0.0258,0.117,0.031,0.0
